순번,시리즈,곡명,아티스트,비고
1,지브라베타,The Steps of Positano,Chris Botti,
2,지브라베타,Lovely Day,Bill Withers,
3,지브라베타,"Variations On An Original Theme, Op. 36 ""Enigma"": 9. Nimrod (Adagio)","레너드 번스타인, BBC 교향악단",
4,지브라베타,친해지지 말아요,선우정아,
5,지브라베타,새벽빛,다린,
6,지브라베타,Desafinado,"사카모토 류이치, Jaques Morelenbaum, Paula Morelenbaum",
7,지브라베타,So Easy (To Fall In Love),Olivia Dean,
8,지브라베타,Remember,Sam Ock,
9,지브라베타,Rosa Mundi,"Gavin Sutherland, 로열 발레 신포니아",
10,지브라베타,You Must Believe In Spring (feat. Tedd Firth),Melissa Errico,
11,지브라베타,I Want You (Single Version),Marvin P. Gaye,
12,지브라베타,You've Got a Friend,James Taylor,
13,지브라베타,The Christmas Song,오노 리사,
14,지브라베타,Theme from The Russia House,런던 심포니 오케스트라,Vol.12 · 노트 확보
15,지브라베타,새해 복,장기하와 얼굴들,Vol.13 · 노트 확보 · 2026 새해 발행
16,지브라베타,Can't Stop the Music,Village People,
17,지브라베타,Both Sides Now,Joni Mitchell,
18,지브라베타,Tonight,권순관,
19,지브라베타,Love Is Like Oxygen,The Sweet,Vol.16 · 카드 확보
20,지브라베타,Via da questo mare,Sergio Cammariere,Vol.17 · 노트 확보
21,지브라베타,Everybody's Gotta Learn Sometime,Beck,Vol.18 · 노트 확보
22,지브라베타,Sunny Came Home,Shawn Colvin,Vol.19 · 노트 확보
23,지브라베타,고양이,시인과 촌장,Vol.20 · 노트 확보 · 원본 카드에 vol.19로 오기
24,지브라베타,Run,마이 앤트 메리,Vol.21 · 노트 확보
25,지브라베타,Beatrice,루이스 바칼로프,큐레이터 데스크 에세이 연결(일 포스티노) · Vol.22 · 노트 확보
26,지브라베타,1979 (Remastered 2012),The Smashing Pumpkins,큐레이터 데스크 에세이 연결 · Vol.23 · 노트 확보
27,지브라베타,Down In Brazil,Michael Franks,Vol.24 · 노트 확보
28,지브라베타,넌 쉽게 말했지만,"조원선, 윤상",Vol.25 · 노트 확보
29,지브라베타,나쁜 (with 윤상) [2012 월간 윤종신 10월호],윤종신,Vol.26 · 노트+큐레이터 데스크 에세이 확보 · 지면형 디자인 전환점
30,지브라베타,"Lo, the Full, Final Sacrifice, Op. 26: Amen","Amy Dickson, 니콜라스 콜론, 오로라 오케스트라",Vol.27 · 노트 확보(확정)
31,지브라베타,Magic Carpet Ride,Fourplay,Vol.28 · 노트 확보(확정)
32,지브라베타,Nothing Compares 2 U,Jimmy Scott,Vol.29 · 노트 확보(확정)
33,지브라베타,Light,Bek Hyunjin,Vol.30 · 노트 확보(확정)
34,지브라베타,축,"유라, 만동",Vol.31 · 노트 확보(확정)
35,지브라베타,Spirit of Summer,Deodato,Vol.32 · 노트 확보(확정)
36,지브라베타,Who Knows,Daniel Caesar,Vol.33 · 2026-07 발행
1,벌써여름,Sunday Best,Surfaces,
2,벌써여름,You Shouldn't Have Done That,Kiha & The Faces (장기하와 얼굴들),
3,벌써여름,Summer,GGOTJAM PROJECT (꽃잠프로젝트),
4,벌써여름,Brother,FKJ,
5,벌써여름,Blacck (Live),Jon Batiste,
6,벌써여름,BANKSY,Decadent (데카당),
7,벌써여름,Rainbow,Cho Kyu Chan (조규찬),
8,벌써여름,So Good (feat. Khai Dreams),Forrest.,
1,봄밤,Thank u (feat. Yun Seokcheol),Zion.T,
2,봄밤,Pink Moon,Nick Drake,
3,봄밤,Falling Down,"염신혜, 선우정아",
4,봄밤,Kiss Of Life,Ohashi Trio (오하시 트리오),
5,봄밤,First Love,이지영,
6,봄밤,Bring Home My Man,Maya Hawke,
1,봄처방전,Here Comes the Sun,The Beatles,
2,봄처방전,"Goodbye, Old Girl",Art Farmer,
3,봄처방전,Drifter,RecordTheVoiceMessage,
4,봄처방전,Better Together,Jack Johnson,
5,봄처방전,seasons,wave to earth,
6,봄처방전,Nan Chun (난춘),SE SO NEON (새소년),
7,봄처방전,동네,김현철,
8,봄처방전,Happy Ending,Will Ackerman,
9,봄처방전,Am I Crazy,Mathieu Boogaerts,
10,봄처방전,Days of Disturbance,Bily Acoustie,
11,봄처방전,쉬운 얘기,옥수사진관,
12,봄처방전,Spring snow (봄눈),Lucid Fall (루시드폴),
1,우중산책,Farewell,Erik Söderlind,
2,우중산책,The Reluctant Bride,Ralph Towner,인스타 포스터 연결
3,우중산책,Julia Florida,Agustín Barrios Mangoré,
4,우중산책,Fear When You Fly,Cleo Sol,
1,여름밤,SNOW (feat. Lee Moon Sae),Zion.T,
2,여름밤,Flower Moon,"Durand Jones & The Indications, Aaron Frazer",
3,여름밤,Poem (Shhh) / 시,Colde,여름밤 03 · 2026-07-28 발행
4,여름밤,Summer Returns,John Park,차기 회차 후보로 추정 — 확인 필요
1,Zebra Week #001,The Christmas Song,Chris Botti,메인 서가 아티스트의 B면
2,Zebra Week #001,It's Beginning to Look a Lot like Christmas,Michael Bublé,메인 서가 아티스트의 B면
3,Zebra Week #001,I Want to Spend the Night,Bill Withers,메인 서가 아티스트의 B면
4,Zebra Week #001,Don't Let Me Be Lonely Tonight,James Taylor,메인 서가 아티스트의 B면
5,Zebra Week #001,Beautiful People,Sam Ock,메인 서가 아티스트의 B면
6,Zebra Week #001,Dive,Olivia Dean,메인 서가 아티스트의 B면
7,Zebra Week #001,Stay Put,선우정아 (sunwoojunga),메인 서가 아티스트의 B면
8,Zebra Week #001,You&I,멜로망스 (MeloMance),메인 서가 아티스트의 B면
9,Zebra Week #001,Willow Tree,다린 (Darin),메인 서가 아티스트의 B면
10,Zebra Week #001,My Lonely Tears,NiExshadow,아티스트 표기 확인 필요(NiExshadow)
11,Zebra Week #001,Insensatez (feat. Roberto Menescal),Fernanda Takai,메인 서가 아티스트의 B면
12,Zebra Week #001,Desafinado,Antônio Carlos Jobim,메인 서가 아티스트의 B면
13,Zebra Week #001,Winter Wonderland,Chris Botti,메인 서가 아티스트의 B면
